Normalized,Location
odessa odessa,"Одеса, Одеська область"
kiev kiev,"Київ, Київська область"
kharkov kharkov,"Харків, Харківська область"
dnepr dnepr,"Дніпро, Дніпропетровська область"
kiev irpen,"Ірпінь, Київська область"
khmelnitskiy khmelnitskiy,"Хмельницький, Хмельницька область"
lvov lvov,"Львів, Львівська область"
zaporozhe zaporozhe,"Запоріжжя, Запорізька область"
kiev sofievskaya-borschagovka,"Софіївська Борщагівка, Київська область"
nikolaev_106 nikolaev_106,"Миколаїв, Миколаївська область"
dnepr krivoyrog,"Кривий Ріг, Дніпропетровська область"
poltava poltava,"Полтава, Полтавська область"
kiev bucha,"Буча, Київська область"
cherkassy cherkassy,"Черкаси, Черкаська область"
ivano-frankovsk ivano-frankovsk,"Івано-Франківськ, Івано-Франківська область"
rovno rovno_36849,"Рівне, Рівненська область"
vinnitsa vinnitsa,"Вінниця, Вінницька область"
sumy sumy,"Суми, Сумська область"
dnepr kamenskoe,"Кам'янське, Дніпропетровська область"
zhitomir zhitomir,"Житомир, Житомирська область"
ternopol ternopol,"Тернопіль, Тернопільська область"
chernovtsy chernovtsy,"Чернівці, Чернівецька область"
kiev belayatserkov,"Біла Церква, Київська область"
chernigov chernigov,"Чернігів, Чернігівська область"
poltava kremenchug,"Кременчук, Полтавська область"
kropivnitskiy kropivnitskiy,"Кропивницький, Кіровоградська область"
odessa ilichyevsk,"Чорноморськ, Одеська область"
uzhgorod uzhgorod,"Ужгород, Закарпатська область"
kiev vishnevoe,"Вишневе, Київська область"
kiev brovary,"Бровари, Київська область"
kiev borispol,"Бориспіль, Київська область"
kiev gostomel,"Гостомель, Київська область"
donetsk donetsk,"Донецьк, Донецька область"
lutsk lutsk,"Луцьк, Волинська область"
khmelnitskiy kamenets-podolskiy,"Кам'янець-Подільський, Хмельницька область"
kiev kryukovschina,"Крюківщина, Київська область"
dnepr novomoskovsk,"Новомосковськ, Дніпропетровська область"
lugansk lugansk,"Луганськ, Луганська область"
kiev petrovskoe_31957,"Святопетрівське, Київська область"
lvov chervonograd,"Червоноград, Львівська область"
kharkov chuguev,"Чугуїв, Харківська область"
kiev chabany,"Чабани, Київська область"
uzhgorod mukachevo,"Мукачеве, Закарпатська область"
kiev obukhov,"Обухів, Київська область"
lvov stryy,"Стрий, Львівська область"
cherkassy uman,"Умань, Черкаська область"
lvov truskavets,"Трускавець, Львівська область"
kiev vyshgorod,"Вишгород, Київська область"
kiev petropavlovskaya-borschagovka,"Петропавлівська Борщагівка, Київська область"
poltava gorishnyye plavni,"Горішні Плавні, Полтавська область"
dnepr pavlograd,"Павлоград, Дніпропетровська область"
donetsk slavyansk,"Слов'янськ, Донецька область"
kiev kotsyubinskoe,"Коцюбинське, Київська область"
lvov drogobych,"Дрогобич, Львівська область"
donetsk kramatorsk,"Краматорськ, Донецька область"
kiev vorzel,"Ворзель, Київська область"
odessa kryzhanovka_43791,"Крижанівка, Одеська область"
odessa belgorod-dnestrovskiy,"Білгород-Дністровський, Одеська область"
kiev gatnoe,"Гатне, Київська область"
cherkassy smela,"Сміла, Черкаська область"
nikolaev_106 pervomaysk,"Первомайськ, Миколаївська область"
kiev chayki_30943,"Чайки, Київська область"
zhitomir korosten,"Коростень, Житомирська область"
kiev belogorodka,"Білогородка, Київська область"
kiev boyarka,"Боярка, Київська область"
odessa avangard_44353,"Авангард, Одеська область"
kropivnitskiy aleksandriya,"Олександрія, Кіровоградська область"
odessa yuzhnoe,"Южне, Одеська область"
sumy konotop,"Конотоп, Сумська область"
odessa fontanka,"Фонтанка, Одеська область"
kharkov inzhenernyy,"Інженерний, Харківська область"
kiev vasilkov,"Васильків, Київська область"
ivano-frankovsk kalush,"Калуш, Івано-Франківська область"
kherson kherson,"Херсон, Херсонська область"
chernigov nezhin,"Ніжин, Чернігівська область"
kropivnitskiy svetlovodsk,"Світловодськ, Кіровоградська область"
zhitomir berdichev,"Бердичів, Житомирська область"
ivano-frankovsk kolomyya,"Коломия, Івано-Франківська область"
odessa izmail,"Ізмаїл, Одеська область"
chernigov priluki,"Прилуки, Чернігівська область"
kharkov stepnaya,"Степова, Харківська область"
poltava mirgorod,"Миргород, Полтавська область"
kiev ukrainka,"Українка, Київська область"
ternopol chertkov,"Чортків, Тернопільська область"
lutsk kovel,"Ковель, Волинська область"
poltava lubny,"Лубни, Полтавська область"
kiev fastov,"Фастів, Київська область"
lvov borislav,"Борислав, Львівська область"
odessa velikodolinskoe,"Великодолинське, Одеська область"
nikolaev_106 nikolaev-zhovtnevyy,"Миколаїв Жовтневий, Миколаївська область"
donetsk krasnoarmeysk,"Покровськ, Донецька область"
donetsk makeevka,"Макіївка, Донецька область"
sumy ahtyrka,"Охтирка, Сумська область"
rovno zdolbunov,"Здолбунів, Рівненська область"
lutsk novovolynsk,"Нововолинськ, Волинська область"
kiev hotel,"Хотів, Київська область"
dnepr nikopol,"Нікополь, Дніпропетровська область"
kiev chubinskoe,"Чубинське, Київська область"
odessa tairovo,"Таїрове, Одеська область"
donetsk mariupol,"Маріуполь, Донецька область"
zhitomir malin_21625,"Малин, Житомирська область"
kharkov solonitsevka,"Солоницівка, Харківська область"
kiev zazime,"Зазим'я, Київська область"
dnepr yubileynoe,"Слобожанське, Дніпропетровська область"
lvov stebnik_36875,"Стебник, Львівська область"
lvov vinniki,"Винники, Львівська область"
uzhgorod beregovo,"Берегове, Закарпатська область"
khmelnitskiy shepetovka,"Шепетівка, Хмельницька область"
nikolaev_106 yuzhnoukrainsk,"Южноукраїнськ, Миколаївська область"
odessa leski_43795,"Ліски, Одеська область"
zhitomir novograd-volynskiy_22019,"Новоград-Волинський, Житомирська область"
khmelnitskiy neteshin,"Нетішин, Хмельницька область"
rovno dubno,"Дубно, Рівненська область"
zhitomir novoguyvinskoe,"Новогуйвинське, Житомирська область"
cherkassy kanev,"Канів, Черкаська область"
sumy shostka,"Шостка, Сумська область"
odessa teplodar,"Теплодар, Одеська область"
kharkov alekseevka_61003,"Олексіївка, Харківська область"
odessa kotovsk,"Подільськ, Одеська область"
lvov novyy-rozdol,"Новий Розділ, Львівська область"
lvov sambor,"Самбір, Львівська область"
kiev slavutich,"Славутич, Київська область"
kharkov kulinichi_61537,"Кулиничі, Харківська область"
kharkov pesochin_61623,"Пісочин, Харківська область"
kharkov lozovaya,"Лозова, Харківська область"
khmelnitskiy starokonstantinov,"Старокостянтинів, Хмельницька область"
rovno varash,"Вараш, Рівненська область"
poltava gadyach,"Гадяч, Полтавська область"
rovno kostopol,"Костопіль, Рівненська область"
rovno sarny,"Сарни, Рівненська область"
kiev schastlivoe_31069,"Щасливе, Київська область"
khmelnitskiy slavuta,"Славута, Хмельницька область"
odessa korsuntsy,"Корсунці, Одеська область"
nikolaev_106 voznesensk,"Вознесенськ, Миколаївська область"
kiev nemeshaevo,"Немішаєве, Київська область"
dnepr sinelnikovo,"Синельникове, Дніпропетровська область"
lutsk vladimir-volynskiy,"Володимир, Волинська область"
uzhgorod tyachev,"Тячів, Закарпатська область"
kiev pereyaslav-khmelnitskiy,"Переяслав-Хмельницький, Київська область"
dnepr volnogorsk,"Вільногірськ, Дніпропетровська область"
kiev boguslav_30867,"Богуслав, Київська область"
kropivnitskiy znamenka,"Знам'янка, Кіровоградська область"
dnepr lyubimovka_11987,"Любимівка, Дніпропетровська область"
ivano-frankovsk nadvornaya,"Надвірна, Івано-Франківська область"
kiev novye-petrovtsy,"Нові Петрівці, Київська область"
sumy romny,"Ромни, Сумська область"
kiev podgortsy,"Підгірці, Київська область"
vinnitsa khmelnik,"Хмільник, Вінницька область"
vinnitsa zhmerinka,"Жмеринка, Вінницька область"
kharkov krasnograd,"Красноград, Харківська область"
kiev borodyanka_31081,"Бородянка, Київська область"
kiev mironovka_32179,"Миронівка, Київська область"
chernovtsy novoselitsa,"Новоселиця, Чернівецька область"
lvov brody_36143,"Броди, Львівська область"
lvov pustomyty,"Пустомити, Львівська область"
lvov zhovkva_37255,"Жовква, Львівська область"
dnepr verkhnedneprovsk,"Верхньодніпровськ, Дніпропетровська область"
kiev tarasovka_31065,"Тарасівка, Київська область"
odessa limanka,"Лиманка, Одеська область"
kiev novoselki_31539,"Новосілки, Київська область"
dnepr novotaromskoe_13353,"Покров, Дніпропетровська область"
vinnitsa ladyzhin,"Ладижин, Вінницька область"
kharkov merefa,"Мерефа, Харківська область"
uzhgorod svalyava,"Свалява, Закарпатська область"
cherkassy zolotonosha,"Золотоноша, Черкаська область"
lvov novoyavorovsk_40259,"Новояворівськ, Львівська область"
vinnitsa mogilyev-podolskiy,"Могилів-Подільський, Вінницька область"
kiev uzin,"Узин, Київська область"
odessa hlebodarskoe,"Хлібодарське, Одеська область"
kiev yagotin,"Яготин, Київська область"
rovno kvasilov,"Квасилів, Рівненська область"
kharkov zmiev,"Зміїв, Харківська область"
lvov morshin,"Моршин, Львівська область"
ivano-frankovsk tysmenitsa,"Тисмениця, Івано-Франківська область"
zhitomir korostyshev,"Коростишів, Житомирська область"
kiev glevaxa,"Глеваха, Київська область"
khmelnitskiy volochisk,"Волочиськ, Хмельницька область"
odessa borschi_43873,"Борщі, Одеська область"
odessa molodezhnoe_44381,"Молодіжне, Одеська область"
khmelnitskiy dunaevtsy,"Дунаївці, Хмельницька область"
dnepr marganets,"Марганець, Дніпропетровська область"
kharkov balakleya,"Балаклія, Харківська область"
ivano-frankovsk snyatyn,"Снятин, Івано-Франківська область"
zaporozhe melitopol,"Мелітополь, Запорізька область"
khmelnitskiy izyaslav,"Ізяслав, Хмельницька область"
odessa razdelnaya,"Роздільна, Одеська область"
odessa ilichevka_43729,"Іллічівка, Одеська область"
lvov sokolniki_38727,"Сокільники, Львівська область"
kiev baryshevka,"Баришівка, Київська область"
dnepr ternovka_12437,"Тернівка, Дніпропетровська область"
odessa reni,"Рені, Одеська область"
donetsk dobropole,"Добропілля, Донецька область"
chernovtsy storozhinets,"Сторожинець, Чернівецька область"
kropivnitskiy dolinskaya,"Долинська, Кіровоградська область"
kiev hodosovka,"Ходосівка, Київська область"
rovno dubrovitsa,"Дубровиця, Рівненська область"
rovno radivilov_51495,"Радивилів, Рівненська область"
dnepr zhyeltye-vody,"Жовті  Води, Дніпропетровська область"
cherkassy zvenigorodka,"Звенигородка, Черкаська область"
kiev skvira_32645,"Сквира, Київська область"
dnepr kurilovka_13611,"Курилівка, Дніпропетровська область"
sumy glukhov,"Глухів, Сумська область"
cherkassy vatutino,"Ватутіне, Черкаська область"
lvov dobrotvor,"Добротвір, Львівська область"
ivano-frankovsk dolina,"Долина, Івано-Франківська область"
poltava karlovka,"Карлівка, Полтавська область"
kiev gora,"Гора, Київська область"
odessa chernomorskoe_43861,"Чорноморське, Одеська область"
vinnitsa kazatin,"Козятин, Вінницька область"
kiev gorenichi,"Гореничі, Київська область"
zhitomir ozernoe_21499,"Озерне, Житомирська область"
lvov yavorov_40369,"Яворів, Львівська область"
dnepr karnauhovka,"Карнаухівка, Дніпропетровська область"
nikolaev_106 novoivanovka_40599,"Новоіванівка, Миколаївська область"
poltava rozsoshentsy,"Розсошенці, Полтавська область"
kropivnitskiy chigirinskaya,"Чигиринське, Кіровоградська область"
chernovtsy novodnestrovsk,"Новодністровськ, Чернівецька область"
ivano-frankovsk burshtyn,"Бурштин, Івано-Франківська область"
zhitomir ovruch_22283,"Овруч, Житомирська область"
lvov bryuhovichi,"Брюховичі, Львівська область"
lvov sosnovka,"Соснівка, Львівська область"
ternopol borshchyev,"Борщів, Тернопільська область"
lvov sokal,"Сокаль, Львівська область"
donetsk konstantinovka,"Костянтинівка, Донецька область"
kharkov pervomayskiy,"Первомайський, Харківська область"
kiev tetiev,"Тетіїв, Київська область"
kharkov komsomolskoye,"Слобожанське, Харківська область"
vinnitsa gaysin,"Гайсин, Вінницька область"
kharkov malaya-danilovka,"Мала Данилівка, Харківська область"
ternopol terebovlya,"Теребовля, Тернопільська область"
ivano-frankovsk ugorniki,"Угорники, Івано-Франківська область"
cherkassy korsun-shevchenkovskiy,"Корсунь-Шевченківський, Черкаська область"
odessa balta,"Балта, Одеська область"
ternopol podvolochisk,"Підволочиськ, Тернопільська область"
ternopol gusyatin,"Гусятин, Тернопільська область"
odessa belyaevka_43045,"Біляївка, Одеська область"
sumy lebedin_53315,"Лебедин, Сумська область"
kiev berezan,"Березань, Київська область"
dnepr solenoe,"Солоне, Дніпропетровська область"
lvov busk,"Буськ, Львівська область"
kiev dymer,"Димер, Київська область"
ivano-frankovsk krihovtsy,"Крихівці, Івано-Франківська область"
ternopol berezhany,"Бережани, Тернопільська область"
odessa nerubayskoe,"Нерубайське, Одеська область"
sumy belopole,"Білопілля, Сумська область"
vinnitsa tulchin,"Тульчин, Вінницька область"
odessa novaya-dolina,"Нова Долина, Одеська область"
kropivnitskiy gayvoron,"Гайворон, Кіровоградська область"
kiev tarashcha,"Тараща, Київська область"
dnepr apostolovo,"Апостолове, Дніпропетровська область"
zaporozhe volnyansk,"Вільнянськ, Запорізька область"
kropivnitskiy novomirgorod_28843,"Новомиргород, Кіровоградська область"
kiev doslidnitskoe,"Дослідницьке, Київська область"
kharkov dergachi,"Дергачі, Харківська область"
vinnitsa ilintsy,"Іллінці, Вінницька область"
chernovtsy godilov,"Годилів, Чернівецька область"
uzhgorod chop,"Чоп, Закарпатська область"
odessa ovidiopol,"Овідіополь, Одеська область"
cherkassy shpola,"Шпола, Черкаська область"
lvov staryy-sambor,"Старий Самбір, Львівська область"
khmelnitskiy lesnye-grinovtsy,"Лісові Гринівці, Хмельницька область"
lvov sknilov,"Скнилів, Львівська область"
donetsk dimitrov,"Мирноград, Донецька область"
uzhgorod mezhgorye,"Міжгір'я, Закарпатська область"
rovno ostrog,"Острог, Рівненська область"
kiev kagarlyk,"Кагарлик, Київська область"
chernigov bakhmach,"Бахмач, Чернігівська область"
kharkov malinovka_61751,"Малинівка, Харківська область"
khmelnitskiy yarmolintsy_66699,"Ярмолинці, Хмельницька область"
kiev ivankovichi,"Іванковичі, Київська область"
uzhgorod khust,"Хуст, Закарпатська область"
uzhgorod vinogradov,"Виноградів, Закарпатська область"
nikolaev_106 novaya-odessa,"Нова Одеса, Миколаївська область"
chernigov kulikovka_69707,"Куликівка, Чернігівська область"
ivano-frankovsk broshnev,"Брошнів, Івано-Франківська область"
vinnitsa bar,"Бар, Вінницька область"
ternopol zbarazh_56127,"Збараж, Тернопільська область"
ternopol buchach,"Бучач, Тернопільська область"
chernigov bobrovitsa,"Бобровиця, Чернігівська область"
khmelnitskiy krasilov,"Красилів, Хмельницька область"
nikolaev_106 snigirevka,"Снігурівка, Миколаївська область"
ivano-frankovsk gorodenka,"Городенка, Івано-Франківська область"
donetsk druzhkovka,"Дружківка, Донецька область"
lvov gorodok_262,"Городок, Львівська область"
poltava stepnoe_48597,"Степне, Полтавська область"
kropivnitskiy novoukrainka,"Новоукраїнка, Кіровоградська область"
odessa zaliv_42937,"Затока, Одеська область"
kiev yurovka_31985,"Юрівка, Київська область"
dnepr meliorativnoe,"Меліоративне, Дніпропетровська область"
ternopol kremenets_56611,"Кременець, Тернопільська область"
rovno orzhev,"Оржів, Рівненська область"
poltava kobelyaki,"Кобеляки, Полтавська область"
rovno mlinov,"Млинів, Рівненська область"
cherkassy talnoe,"Тальне, Черкаська область"
kiev proliski,"Проліски, Київська область"
kiev severinovka_32097,"Северинівка, Київська область"
rovno zarya_51261,"Зоря, Рівненська область"
kharkov valki_58665,"Валки, Харківська область"
dnepr partizanskoe_12019,"Партизанське, Дніпропетровська область"
uzhgorod bushtino,"Буштино, Закарпатська область"
dnepr ternovatyy-kut,"Тернуватий Кут, Дніпропетровська область"
vinnitsa bershad,"Бершадь, Вінницька область"
zhitomir chernyahov,"Черняхів, Житомирська область"
khmelnitskiy letichev,"Летичів, Хмельницька область"
dnepr shirokaya-dacha,"Широка Дача, Дніпропетровська область"
lutsk gorokhov,"Горохів, Волинська область"
poltava novyye-sanzhary,"Нові Санжари, Полтавська область"
lutsk kivertsy_9325,"Ківерці, Волинська область"
uzhgorod minay,"Минай, Закарпатська область"
chernigov varva,"Варва, Чернігівська область"
vinnitsa agronomichnoe,"Агрономічне, Вінницька область"
vinnitsa nemirov,"Немирів, Вінницька область"
lvov gornyak_40055,"Гірник, Львівська область"
kiev nizhnyaya-dubechnya,"Нижча Дубечня, Київська область"
chernovtsy kitsman,"Кіцмань, Чернівецька область"
lvov rava-russkaya,"Рава-Руська, Львівська область"
cherkassy gorodishche,"Городище, Черкаська область"
cherkassy khristinovka,"Христинівка, Черкаська область"
kiev knyazhichi,"Княжичі, Київська область"
nikolaev_106 bashtanka_40547,"Баштанка, Миколаївська область"
zhitomir radomyshl,"Радомишль, Житомирська область"
kharkov pokotilovka,"Покотилівка, Харківська область"
ivano-frankovsk kosov_1711,"Косів, Івано-Франківська область"
kharkov klugino-bashkirovka,"Клугино-Башкирівка, Харківська область"
kharkov lyubotin,"Люботин, Харківська область"
kharkov vozrozhdeniya_57913,"Відродження, Харківська область"
kiev demidov,"Демидів, Київська область"
kiev volodarka,"Володарка, Київська область"
kharkov zatishe_61505,"Затишшя, Харківська область"
kharkov izyum,"Ізюм, Харківська область"
kiev byshev_31991,"Бишів, Київська область"
ivano-frankovsk galich,"Галич, Івано-Франківська область"
odessa artsiz,"Арциз, Одеська область"
kharkov eshar,"Есхар, Харківська область"
odessa kiliya,"Кілія, Одеська область"
ivano-frankovsk bogorodchany,"Богородчани, Івано-Франківська область"
ivano-frankovsk yaremche,"Яремче, Івано-Франківська область"
dnepr pereshchepino,"Перещепине, Дніпропетровська область"
poltava zenkov_46285,"Зіньків, Полтавська область"
lutsk ivanichi,"Іваничі, Волинська область"
lutsk lipiny,"Липини, Волинська область"
poltava stasi,"Стаси, Полтавська область"
poltava grebenka,"Гребінка, Полтавська область"
odessa limanskoe_44649,"Лиманське, Одеська область"
chernovtsy khotin,"Хотин, Чернівецька область"
kharkov gorbani_61497,"Горбані, Харківська область"
khmelnitskiy sharovechka,"Шаровечка, Хмельницька область"
zaporozhe energodar,"Енергодар, Запорізька область"
nikolaev_106 veselinovo,"Веселинове, Миколаївська область"
kiev velikaya-olshanka,"Велика Вільшанка, Київська область"
vinnitsa kryzhopol,"Крижопіль, Вінницька область"
chernigov gorodnya,"Городня, Чернігівська область"
lvov zolochev,"Золочів, Львівська область"
nikolaev_106 ochakov,"Очаків, Миколаївська область"
lvov radekhov,"Радехів, Львівська область"
kropivnitskiy aleksandrovka_29123,"Олександрівка, Кіровоградська область"
kiev semipolki,"Семиполки, Київська область"
donetsk kurahovo,"Курахове, Донецька область"
vinnitsa pogrebishche,"Погребище, Вінницька область"
kiev katyuzhanka,"Катюжанка, Київська область"
cherkassy geronimovka,"Геронимівка, Черкаська область"
ternopol bolshaya-berezovitsa,"Велика Березовиця, Тернопільська область"
chernigov ichnya,"Ічня, Чернігівська область"
lvov dublyany,"Дубляни, Львівська область"
cherkassy chigirin,"Чигирин, Черкаська область"
ivano-frankovsk tarascha,"Рожнятів, Івано-Франківська область"
odessa berezovka,"Березівка, Одеська область"
chernigov borzna,"Борзна, Чернігівська область"
kiev pogreby,"Погреби, Київська область"
lutsk lyuboml_10301,"Любомль, Волинська область"
kiev staryy,"Старе, Київська область"
zaporozhe solnechnoe_25859,"Сонячне, Запорізька область"
zaporozhe teplichnoe,"Тепличне, Запорізька область"
ivano-frankovsk tlumach,"Тлумач, Івано-Франківська область"
vinnitsa kalinovka_7547,"Калинівка, Вінницька область"
chernovtsy kelmentsy,"Кельменці, Чернівецька область"
uzhgorod irshava,"Іршава, Закарпатська область"
poltava malaya-kohnovka,"Мала Кохнівка, Полтавська область"
kiev fursy,"Фурси, Київська область"
kiev zabore,"Забір'я, Київська область"
vinnitsa vapnyarka,"Вапнярка, Вінницька область"
kharkov bogodukhov,"Богодухів, Харківська область"
sumy putivl,"Путивль, Сумська область"
poltava sadki_47217,"Садки, Полтавська область"
poltava lokhvitsa,"Лохвиця, Полтавська область"
odessa bolgrad,"Болград, Одеська область"
poltava gozhuly,"Гожули, Полтавська область"
kharkov krasnokutsk,"Краснокутськ, Харківська область"
lutsk ratno,"Ратне, Волинська область"
nikolaev_106 arbuzinka,"Арбузинка, Миколаївська область"
lutsk rovantsy,"Рованці, Волинська область"
donetsk selidovo,"Селидове, Донецька область"
kropivnitskiy novoye,"Нове, Кіровоградська область"
khmelnitskiy oleshin,"Олешин, Хмельницька область"
uzhgorod bolshaya-belozerka,"Великий Березний, Закарпатська область"
zhitomir guyva,"Гуйва, Житомирська область"
kharkov bobrovka,"Бобрівка, Харківська область"
odessa sergeevka,"Сергіївка, Одеська область"
dnepr gleevatka,"Глеюватка, Дніпропетровська область"
rovno velikiy-oleksin,"Великий Олексин, Рівненська область"
rovno goscha,"Гоща, Рівненська область"
sumy krolevets,"Кролевець, Сумська область"
lvov novyy-kalinov,"Новий Калинів, Львівська область"
lvov krasnoe_36425,"Красне, Львівська область"
lvov remenov,"Ременів, Львівська область"
lvov kulikov,"Куликів, Львівська область"
zhitomir zhitomirskoe,"Житомирське, Житомирська область"
lvov kamenka-bugskaya,"Кам'янка-Бузька, Львівська область"
lvov hodorov_37135,"Ходорів, Львівська область"
lvov skole_39235,"Сколе, Львівська область"
dnepr volnoe_13197,"Вільне, Дніпропетровська область"
lvov bobrka,"Бібрка, Львівська область"
zhitomir olevsk,"Олевськ, Житомирська область"
kiev mihaylovka-rubezhovka,"Михайлівка-Рубежівка, Київська область"
ivano-frankovsk ugrinov,"Угринів, Івано-Франківська область"
ternopol zaleshchiki,"Заліщики, Тернопільська область"
odessa petrodolinskoe,"Петродолинське, Одеська область"
dnepr novomayskoe,"Новомайське, Дніпропетровська область"
odessa aleksandrovka_43819,"Олександрівка, Одеська область"
dnepr golubovka_13009,"Голубівка, Дніпропетровська область"
dnepr podgorodnoe,"Підгородне, Дніпропетровська область"
kiev rokitnoe,"Рокитне, Київська область"
kropivnitskiy dobrovelichkovka,"Добровеличківка, Кіровоградська область"
odessa prilimanskoe,"Прилиманське, Одеська область"
rovno gorodische_51223,"Городище, Рівненська область"
khmelnitskiy polonnoe,"Полонне, Хмельницька область"
odessa velikiy-dalnik,"Великий Дальник, Одеська область"
kharkov bezlyudovka,"Безлюдівка, Харківська область"
kharkov obychnaya,"Пересічне, Харківська область"
zhitomir baranovka_20143,"Баранівка, Житомирська область"
lvov solonka_38731,"Солонка, Львівська область"
chernovtsy zastavna,"Заставна, Чернівецька область"
ivano-frankovsk vorohta,"Ворохта, Івано-Франківська область"
cherkassy monastyrishche,"Монастирище, Черкаська область"
zhitomir miropol_22899,"Миропіль, Житомирська область"
kropivnitskiy novgorodka,"Новгородка, Кіровоградська область"
uzhgorod perechin_24269,"Перечин, Закарпатська область"
lvov komarno,"Комарно, Львівська область"
poltava suprunovka_48603,"Супрунівка, Полтавська область"
lvov shodnitsa,"Східниця, Львівська область"
zhitomir yemilchino,"Ємільчине, Житомирська область"
kiev shevchenkovo_31293,"Шевченкове, Київська область"
kiev glubokoe_30999,"Глибоке, Київська область"
chernovtsy chagor,"Чагор, Чернівецька область"
nikolaev_106 novyy-bug,"Новий Буг, Миколаївська область"
odessa karolino-bugaz,"Кароліно-Бугаз, Одеська область"
kiev kalita,"Калита, Київська область"
kiev tsibli,"Циблі, Київська область"
dnepr shirokoe_15171,"Широке, Дніпропетровська область"
poltava tahtaulovo,"Тахтаулове, Полтавська область"
ternopol monastyriska_56883,"Монастириська, Тернопільська область"
cherkassy zhashkov,"Жашків, Черкаська область"
kropivnitskiy vlasovka,"Власівка, Кіровоградська область"
uzhgorod chinadievo,"Чинадієво, Закарпатська область"
dnepr ukrainka_12671,"Українка, Дніпропетровська область"
ternopol petrikov_57453,"Петриків, Тернопільська область"
dnepr zolotaya-polyana,"Золота Поляна, Дніпропетровська область"
kropivnitskiy pobuzhskoe,"Побузьке, Кіровоградська область"
kiev gnatovka_31901,"Гнатівка, Київська область"
vinnitsa mihaylovtsy,"Михайлівці, Вінницька область"
sumy sad_54959,"Сад, Сумська область"
odessa mayaki_43097,"Маяки, Одеська область"
kiev buzova_31887,"Бузова, Київська область"
sumy barvenkovo_54783,"Барвінкове, Сумська область"
kiev gavrilovka_31495,"Гаврилівка, Київська область"
kiev vishenki_30995,"Вишеньки, Київська область"
chernigov sosnitsa,"Сосниця, Чернігівська область"
kiev tsentralnoe,"Центральне, Київська область"
kiev makarov_32275,"Макарів, Київська область"
cherkassy kamenka,"Кам'янка, Черкаська область"
lvov zimnyaya-voda,"Зимна Вода, Львівська область"
khmelnitskiy belogore_63803,"Білогір'я, Хмельницька область"
kiev stoyanka,"Стоянка, Київська область"
poltava chervonozavodskoe,"Червонозаводське, Полтавська область"
poltava piryatin_48245,"Пирятин, Полтавська область"
sumy trostyanets,"Тростянець, Сумська область"
lugansk krasnodon,"Краснодон, Луганська область"
vinnitsa strizhavka,"Стрижавка, Вінницька область"
kharkov cherkasskaya-lozovaya,"Черкаська Лозова, Харківська область"
dnepr gvardeyskoe_13213,"Гвардійське, Дніпропетровська область"
kiev terezino,"Терезине, Київська область"
odessa vilkovo,"Вилкове, Одеська область"
vinnitsa yampol,"Ямпіль, Вінницька область"
ivano-frankovsk zadnestryanskoe,"Задністрянське, Івано-Франківська область"
zaporozhe novoslobodka,"Новослобідка, Запорізька область"
khmelnitskiy gorodok_64243,"Городок, Хмельницька область"
kiev ukrainskaya_32321,"Українська, Київська область"
vinnitsa gnivan,"Гнівань, Вінницька область"
chernovtsy luzhany,"Лужани, Чернівецька область"
lvov nikolaev,"Миколаїв, Львівська область"
chernigov nosovka_71569,"Носівка, Чернігівська область"
odessa tatarbunary,"Татарбунари, Одеська область"
ivano-frankovsk verhovina,"Верховина, Івано-Франківська область"
poltava gradizhsk,"Градизьк, Полтавська область"
poltava kotelva,"Котельва, Полтавська область"
sumy verhnyaya-syvorotka,"Верхня Сироватка, Сумська область"
kiev stavische_32727,"Ставище, Київська область"
lutsk rozhishche,"Рожище, Волинська область"
cherkassy holodnyanskoe,"Холоднянське, Черкаська область"
sumy buryn,"Буринь, Сумська область"
lutsk lyubeshov,"Любешів, Волинська область"
kharkov novopokrovka_58297,"Новопокровка, Харківська область"
chernigov schors,"Щорс, Чернігівська область"
chernovtsy vizhnitsa,"Вижниця, Чернівецька область"
sumy svobodnoe_52381,"Свободне, Сумська область"
ternopol kozova,"Козова, Тернопільська область"
lvov peremyshlyane,"Перемишляни, Львівська область"
rovno vladimirets,"Володимирець, Рівненська область"
rovno berezne,"Березне, Рівненська область"
kropivnitskiy sokolovskoe,"Соколівське, Кіровоградська область"
zhitomir popelnya,"Попільня, Житомирська область"
kharkov hroly,"Хроли, Харківська область"
lvov zhidachev,"Жидачiв, Львівська область"
kharkov olshany_59395,"Вільшани, Харківська область"
zhitomir novoivnitskoe,"Новоївницьке, Житомирська область"
kharkov boyni,"Бойні, Харківська область"
cherkassy krasnaya-sloboda_68379,"Червона Слобода, Черкаська область"
lvov modrichi,"Модричі, Львівська область"
lvov dobromil,"Добромиль, Львівська область"
lvov ryasnoe_40301,"Рясне-Руське, Львівська область"
zhitomir irshansk,"Іршанськ, Житомирська область"
kiev kozarovichi,"Козаровичі, Київська область"
poltava horol,"Хорол, Полтавська область"
kharkov lipkovatovka,"Липкуватівка, Харківська область"
kharkov ternovaya_61787,"Тернова, Харківська область"
kharkov horoshevo_61701,"Хорошеве, Харківська область"
poltava beliki,"Білики, Полтавська область"
kharkov shevchenkovo_61929,"Шевченкове, Харківська область"
ivano-frankovsk dibrova_1377,"Діброва, Івано-Франківська область"
uzhgorod teresva,"Тересва, Закарпатська область"
khmelnitskiy novaya-ushitsa,"Нова Ушиця, Хмельницька область"
rovno oparipsy,"Опарипси, Рівненська область"
ternopol zavodskoe_57517,"Заводське, Тернопільська область"
dnepr vasilkovka,"Васильківка, Дніпропетровська область"
dnepr mezhevaya,"Межова, Дніпропетровська область"
kharkov berezovskoe_59389,"Березівське, Харківська область"
lvov slavskoe,"Славське, Львівська область"
uzhgorod onokovtsy,"Оноківці, Закарпатська область"
vinnitsa shargorod,"Шаргород, Вінницька область"
poltava biologicheskoe,"Біологічне, Полтавська область"
dnepr zhdanovo,"Жданове, Дніпропетровська область"
dnepr raevka,"Раївка, Дніпропетровська область"
odessa pereselentsy,"Переселенці, Одеська область"
vinnitsa zarvantsy,"Зарванці, Вінницька область"
cherkassy drabov,"Драбів, Черкаська область"
cherkassy mankovka_67729,"Маньківка, Черкаська область"
vinnitsa vinnitskie-hutora,"Вінницькі Хутори, Вінницька область"
dnepr ingulets,"Інгулець, Дніпропетровська область"
poltava dikanka_46123,"Диканька, Полтавська область"
odessa ivanovka_44011,"Іванівка, Одеська область"
lvov starichi,"Старичі, Львівська область"
odessa bolshaya-mihaylovka,"Велика Михайлівка, Одеська область"
chernigov koryukovka,"Корюківка, Чернігівська область"
odessa rauhovka,"Раухівка, Одеська область"
kharkov novaya-vodolaga,"Нова Водолага, Харківська область"
kharkov mayskoe_61687,"Майське, Харківська область"
lutsk manevichi,"Маневичі, Волинська область"
sumy krasnoe_52221,"Красне, Сумська область"
kiev yablonovka_32125,"Яблунівка, Київська область"
uzhgorod volovets,"Воловець, Закарпатська область"
dnepr elizavetovka,"Єлизаветівка, Дніпропетровська область"
ivano-frankovsk bolekhov,"Болехів, Івано-Франківська область"
ternopol velikie-borki,"Великі Бірки, Тернопільська область"
odessa kominternovskoe,"Доброслав, Одеська область"
dnepr krinichki_12561,"Кринички, Дніпропетровська область"
kharkov podvorki,"Подвірки, Харківська область"
ternopol mikulintsy_57229,"Микулинці, Тернопільська область"
poltava gogolevo,"Гоголеве, Полтавська область"
kharkov komsomolskoe_58941,"Комсомольське, Харківська область"
kharkov budy_61469,"Буди, Харківська область"
dnepr magdalinovka,"Магдалинівка, Дніпропетровська область"
poltava chechelevo,"Чечелеве, Полтавська область"
poltava bolshaya-mihaylovka_45459,"Велика Михайлівка, Полтавська область"
ivano-frankovsk podluzhe,"Підлужжя, Івано-Франківська область"
lvov velikie-mosty,"Великі Мости, Львівська область"
kharkov vasischevo,"Васищеве, Харківська область"
odessa kuchurgan,"Кучурган, Одеська область"
nikolaev_106 bratskoe_40893,"Братське, Миколаївська область"
chernigov oster,"Остер, Чернігівська область"
ivano-frankovsk palyanitsa,"Поляниця, Івано-Франківська область"
kropivnitskiy subbottsy,"Суботці, Кіровоградська область"
kropivnitskiy malayaviska,"Мала Виска, Кіровоградська область"
vinnitsa pologi_7939,"Тиврів, Вінницька область"
kiev salivonki,"Саливонки, Київська область"
ivano-frankovsk rogatin,"Рогатин, Івано-Франківська область"
lvov gryada_37745,"Гряда, Львівська область"
lvov lapaevka,"Лапаївка, Львівська область"
kiev kodra,"Кодра, Київська область"
ivano-frankovsk yaremcha,"Яремча, Івано-Франківська область"
odessa gvardeyskoe_43751,"Гвардійське, Одеська область"
kiev druzheskaya,"Дружня, Київська область"
khmelnitskiy derazhnya,"Деражня, Хмельницька область"
kiev kozhuhovka_31389,"Кожухівка, Київська область"
chernigov repki_72023,"Ріпки, Чернігівська область"
cherkassy budische_66995,"Будище, Черкаська область"
lvov zhvirka,"Жвирка, Львівська область"
odessa ulyanovka_42613,"Улянівка, Одеська область"
chernovtsy beregomet,"Берегомет, Чернівецька область"
ivano-frankovsk solotvin,"Солотвин, Івано-Франківська область"
kropivnitskiy ivanovka_27909,"Іванівка, Кіровоградська область"
kiev revnoe,"Ревне, Київська область"
kiev sadovoe_30833,"Садове, Київська область"
zhitomir volodarsk-volynskiy,"Володарськ-Волинський, Житомирська область"
dnepr aleksandrovka_12009,"Олександрівка, Дніпропетровська область"
donetsk svyatogorsk,"Святогірськ, Донецька область"
donetsk troyanda,"Троянда, Донецька область"
chernovtsy buda_69157,"Буда, Чернівецька область"
dnepr tsarichanka,"Царичанка, Дніпропетровська область"
kropivnitskiy bobrinets,"Бобринець, Кіровоградська область"
rovno krugloe_49705,"Кругле, Рівненська область"
donetsk khartsyzsk,"Харцизьк, Донецька область"
zhitomir romanov,"Романів, Житомирська область"
vinnitsa voronovitsa,"Вороновиця, Вінницька область"
uzhgorod rakhov,"Рахів, Закарпатська область"
kiev milaya,"Мила, Київська область"
kiev serebryanoe_32561,"Синява, Київська область"
uzhgorod batevo,"Батьово, Закарпатська область"
uzhgorod solotvino,"Солотвине, Закарпатська область"
vinnitsa trostyanets_8127,"Тростянець, Вінницька область"
kiev bolshevik_30767,"Більшовик, Київська область"
kiev trebuhov,"Требухів, Київська область"
zhitomir solnechnoe_20723,"Сонячне, Житомирська область"
chernigov novgorod-severskiy,"Новгород-Сіверський, Чернігівська область"
kiev rogozov,"Рогозів, Київська область"
lvov sudovaya-vishnya,"Судова Вишня, Львівська область"
lvov lopatin_38829,"Лопатин, Львівська область"
lutsk rymachi,"Римачі, Волинська область"
zhitomir chizhovka,"Чижівка, Житомирська область"
lvov steklo,"Шкло, Львівська область"
vinnitsa brailov,"Браїлів, Вінницька область"
dnepr dorogoe,"Дороге, Дніпропетровська область"
lvov volya-vysotskaya,"Воля-Висоцька, Львівська область"
lvov mostiska,"Мостиська, Львівська область"
lutsk podgaytsy_10065,"Підгайці, Волинська область"
khmelnitskiy slobodka-gumenetskaya,"Слобідка-Гуменецька, Хмельницька область"
lvov pole,"Жидачів, Львівська область"
lvov khyrov,"Хирiв, Львівська область"
nikolaev_106 poligon,"Полігон, Миколаївська область"
lvov belyy-kamen_37493,"Білий Камінь, Львівська область"
kharkov zachepilovka_59555,"Зачепилівка, Харківська область"
kiev gorenka,"Горенка, Київська область"
lugansk alchevsk,"Алчевськ, Луганська область"
ternopol pochaev,"Почаїв, Тернопільська область"
kiev ozernaya_30699,"Озерна, Київська область"
cherkassy hatski,"Хацьки, Черкаська область"
lvov derezhichi,"Дережичі, Львівська область"
uzhgorod kolchino,"Кольчино, Закарпатська область"
vinnitsa chernovtsy_8509,"Чернівці, Вінницька область"
kiev korzhi,"Коржі, Київська область"
donetsk gorlovka,"Горлівка, Донецька область"
uzhgorod malyy-rakovets,"Малий Раковець, Закарпатська область"
kiev roslavichi,"Рославичі, Київська область"
kharkov vysokiy,"Високий, Харківська область"
kiev kozin_32257,"Козин, Київська область"
dnepr chayki,"Чайки, Дніпропетровська область"
dnepr novotroitskoe_14043,"Новотроїцьке, Дніпропетровська область"
uzhgorod kinchesh,"Кінчеш, Закарпатська область"
zhitomir malinovka_21635,"Малинівка, Житомирська область"
lutsk lyublinets,"Люблинець, Волинська область"
odessa belenkoe_42907,"Біленьке, Одеська область"
lvov navariya,"Наварія, Львівська область"
odessa butsinovka,"Буцинівка, Одеська область"
lutsk liplyany,"Липляни, Волинська область"
chernigov mena,"Мена, Чернігівська область"
odessa dachnoe_43071,"Дачне, Одеська область"
kiev lyubimovka_31937,"Любимівка, Київська область"
rovno korets,"Корець, Рівненська область"
khmelnitskiy kopystin,"Копистин, Хмельницька область"
odessa vygoda_43067,"Вигода, Одеська область"
lvov obroshino,"Оброшине, Львівська область"
cherkassy ivahny,"Івахни, Черкаська область"
kiev gurovschina,"Гурівщина, Київська область"
kiev petrovskoe_31047,"Петропавлівське, Київська область"
kiev velikaya-aleksandrovka_30991,"Велика Олександрівка, Київська область"
lugansk yubileynoe_34227,"Ювілейне, Луганська область"
kropivnitskiy petrovo_28115,"Петрово, Кіровоградська область"
cherkassy gerezhenovka,"Гереженівка, Черкаська область"
uzhgorod brod_23503,"Брід, Закарпатська область"
lvov ivano-frankovo,"Івано-Франкове, Львівська область"
chernigov rovnopole_72743,"Рівнопілля, Чернігівська область"
kiev litvinovka,"Литвинівка, Київська область"
lutsk strumovka,"Струмівка, Волинська область"
vinnitsa kryzhanovka,"Крижанівка, Вінницька область"
lugansk dzerzhinskoe_34105,"Дзержинське, Луганська область"
lvov pesochnaya,"Пісочна, Львівська область"
kharkov aleksandrovka_57815,"Олександрівка, Харківська область"
chernovtsy mamaevtsy,"Мамаївці, Чернівецька область"
zhitomir zarechany,"Зарічани, Житомирська область"
lvov davidov,"Давидів, Львівська область"
odessa grigorovka_43755,"Григорівка, Одеська область"
ivano-frankovsk chukalovka,"Чукалівка, Івано-Франківська область"
lvov malehov,"Малехів, Львівська область"
ivano-frankovsk staryy-lisets,"Старий Лисець, Івано-Франківська область"
kiev grebenki,"Гребінки, Київська область"
khmelnitskiy vinkovtsy,"Віньківці, Хмельницька область"
kharkov yuzhnoe_59481,"Южне, Харківська область"
sumy lipnyak,"Липняк, Сумська область"
odessa usatovo,"Усатове, Одеська область"
uzhgorod ilnitsa,"Ільниця, Закарпатська область"
lugansk hryaschevatoe,"Хрящувате, Луганська область"
kiev lebedin_31025,"Лебедин, Київська область"
kiev shpitki,"Шпитьки, Київська область"
dnepr chervonye-podi,"Червоні Поди, Дніпропетровська область"
lutsk kamen-kashirskiy,"Камінь-Каширський, Волинська область"
lutsk gorkaya-polonka,"Гірка Полонка, Волинська область"
vinnitsa mlynki,"Млинки, Вінницька область"
kiev ivankov_30951,"Іванків, Київська область"
chernovtsy streletskiy-kut,"Стрілецький Кут, Чернівецька область"
ivano-frankovsk delyatin,"Делятин, Івано-Франківська область"
lvov soroki-lvovskie,"Сороки-Львівські, Львівська область"
donetsk snezhnoe,"Сніжне, Донецька область"
lutsk volya-kovelskaya,"Воля-Ковельська, Волинська область"
lutsk shatsk_11185,"Шацьк, Волинська область"
kharkov pavlenko_61631,"Павленки, Харківська область"
ternopol melnitsa-podolskaya,"Мельниця-Подільська, Тернопільська область"
kiev ustimovka,"Устимівка, Київська область"
zhitomir chudnov,"Чуднів, Житомирська область"
ivano-frankovsk malaya-turya,"Мала Тур'я, Івано-Франківська область"
chernovtsy sokiryany,"Сокиряни, Чернівецька область"
poltava tereshki_48615,"Терешки, Полтавська область"
poltava krasnaya-znamenka_47231,"Червона Знам'янка, Полтавська область"
odessa burlachya-balka,"Бурлача Балка, Одеська область"
kiev vita-pochtovaya,"Віта-Поштова, Київська область"
uzhgorod polyana_24401,"Поляна, Закарпатська область"
kiev dmitrovka_31911,"Дмитрівка, Київська область"
uzhgorod solomonovo,"Соломоново, Закарпатська область"
kiev lesniki,"Лісники, Київська область"
kiev martusovka,"Мартусівка, Київська область"
kiev rudnya_31271,"Рудня, Київська область"
kiev malyutyanka,"Малютянка, Київська область"
kiev volnaya-tarasovka,"Вільна Тарасівка, Київська область"
kropivnitskiy mezhirechka_27719,"Межирічка, Кіровоградська область"
dnepr haschevoe,"Хащеве, Дніпропетровська область"
uzhgorod konoplivtsy,"Коноплівці, Закарпатська область"
kiev kodaki,"Кодаки, Київська область"
uzhgorod vyshkovo,"Вишково, Закарпатська область"
vinnitsa lipovets,"Липовець, Вінницька область"
khmelnitskiy poninka_65471,"Понінка, Хмельницька область"
kharkov nadtochii,"Надточії, Харківська область"
lvov kovyari,"Ков'ярі, Львівська область"
ternopol avgustovka_56425,"Августівка, Тернопільська область"
kharkov siryaki,"Сіряки, Харківська область"
kiev petrovskoe_30367,"Петрівське, Київська область"
lvov malye-podleski,"Малі Підліски, Львівська область"
kropivnitskiy alekseevka_28299,"Олексіївка, Кіровоградська область"
uzhgorod tibava,"Тибава, Закарпатська область"
dnepr chumaki,"Чумаки, Дніпропетровська область"
dnepr kuleshi,"Куліші, Дніпропетровська область"
vinnitsa ulanov,"Уланів, Вінницька область"
ivano-frankovsk vygoda_1259,"Вигода, Івано-Франківська область"
khmelnitskiy goloskov_65177,"Голосків, Хмельницька область"
kharkov fedortsy,"Федірці, Харківська область"
odessa povstancheskaya,"Повстанське, Одеська область"
lugansk sverdlovsk,"Свердловськ, Луганська область"
poltava obolon,"Оболонь, Полтавська область"
uzhgorod petrovo_23841,"Петрово, Закарпатська область"
zhitomir lyubar,"Любар, Житомирська область"
kherson skadovsk,"Скадовськ, Херсонська область"
dnepr mirolyubovka_15095,"Миролюбівка, Дніпропетровська область"
dnepr svetloe_11745,"Світле, Дніпропетровська область"
lutsk prilutskoe_9385,"Прилуцьке, Волинська область"
ivano-frankovsk mikitintsy_1735,"Микитинці, Івано-Франківська область"
chernovtsy okno_68899,"Вікно, Чернівецька область"
kiev zabuche,"Забуччя, Київська область"
cherkassy svidivok,"Свидівок, Черкаська область"
kharkov bogdanovskoe_60197,"Богданівське, Харківська область"
kiev shkarovka,"Шкарівка, Київська область"
lvov lyubintsy,"Любинці, Львівська область"
sumy tsentr_54953,"Лісок, Сумська область"
lvov zubra,"Зубра, Львівська область"
rovno bogdashiv,"Богдашів, Рівненська область"
lvov zavodskoe_36413,"Заводське, Львівська область"
lvov plugov,"Плугів, Львівська область"
lvov selets_37837,"Селець, Львівська область"
kropivnitskiy progress_27631,"Прогрес, Кіровоградська область"
dnepr sad,"Сад, Дніпропетровська область"
lutsk kolki,"Колки, Волинська область"
ivano-frankovsk kluzev,"Клузів, Івано-Франківська область"
odessa primorskoe_42993,"Приморське, Одеська область"
dnepr doslidnoe,"Дослідне, Дніпропетровська область"
chernigov kozelets_70505,"Козелець, Чернігівська область"
kiev kalinovka_31379,"Калинівка, Київська область"
kiev bobritsa_31305,"Бобриця, Київська область"
nikolaev_106 nikolaevo,"Миколаєве, Миколаївська область"
zaporozhe vladimirskoe_25767,"Володимирівське, Запорізька область"
poltava gorbanevka_48441,"Горбанівка, Полтавська область"
ivano-frankovsk zalukva,"Залуква, Івано-Франківська область"
uzhgorod rozovka_24711,"Розівка, Закарпатська область"
dnepr illarionovo,"Іларіонове, Дніпропетровська область"
lutsk cherkassy_9777,"Черкаси, Волинська область"
lutsk velikiy-omelyanik,"Великий Омеляник, Волинська область"
cherkassy dmitrushki,"Дмитрушки, Черкаська область"
ternopol slobodka-mushkatovskaya,"Слобідка-Мушкатівська, Тернопільська область"
lvov visloboki,"Вислобоки, Львівська область"
sumy kosovschina,"Косівщина, Сумська область"
odessa latovka_43087,"Латівка, Одеська область"
ivano-frankovsk sadzhava,"Саджава, Івано-Франківська область"
kiev voronkov,"Вороньків, Київська область"
nikolaev_106 tsentralnoe_42499,"Центральне, Миколаївська область"
rovno gorynychi,"Гориничі, Рівненська область"
kharkov domaha_60621,"Домаха, Харківська область"
kharkov kochetok,"Кочеток, Харківська область"
kharkov birki_59629,"Бірки, Харківська область"
kharkov radkovka_60539,"Радьківка, Харківська область"
kharkov bliznetsy,"Близнюки, Харківська область"
kharkov pyatigorskoe,"Глазунівка, Харківська область"
ternopol lanovtsy,"Ланівці, Тернопільська область"
ternopol skala-podolskaya,"Скала-Подільська, Тернопільська область"
ternopol podgaytsy_57099,"Підгайці, Тернопільська область"
sumy druzhba,"Дружба, Сумська область"
sumy bolshaya-pisarevka,"Велика Писарівка, Сумська область"
sumy krasnopolye,"Краснопілля, Сумська область"
rovno stepan,"Степань, Рівненська область"
rovno novaya-lyubomirka,"Нова  Любомирка, Рівненська область"
kharkov chkalovskoe,"Чкаловське, Харківська область"
rovno ozhenin,"Оженин, Рівненська область"
rovno zarechnoye,"Зарічне, Рівненська область"
rovno mokvinskie-hutora,"Моквинські Хутори, Рівненська область"
poltava tarandintsy,"Тарандинці, Полтавська область"
poltava lutovinovka,"Лутовинівка, Полтавська область"
poltava veremeevka_48853,"Вереміївка, Полтавська область"
poltava voyniha,"Войниха, Полтавська область"
poltava beletskovka,"Білецьківка, Полтавська область"
poltava chernuhi,"Чорнухи, Полтавська область"
poltava garkushintsy,"Гаркушинці, Полтавська область"
poltava yareski,"Яреськи, Полтавська область"
poltava globino,"Глобине, Полтавська область"
poltava novoorzhitskoe,"Новооржицьке, Полтавська область"
kharkov krasnopavlovka,"Краснопавлівка, Харківська область"
kharkov chervonyy-donets,"Червоний Донець, Харківська область"
lvov kurovichi,"Куровичі, Львівська область"
ivano-frankovsk novitsa,"Новиця, Івано-Франківська область"
dnepr znamenovka_13233,"Знаменівка, Дніпропетровська область"
dnepr slavgorod,"Славгород, Дніпропетровська область"
dnepr radushnoe,"Радушне, Дніпропетровська область"
dnepr verhovtsevo,"Верхівцеве, Дніпропетровська область"
dnepr pokrovskoe_13881,"Покровське, Дніпропетровська область"
lutsk berezovichi,"Березовичі, Волинська область"
vinnitsa desna_55,"Десна, Вінницька область"
vinnitsa serebriya,"Серебрія, Вінницька область"
vinnitsa kozhuhov,"Кожухів, Вінницька область"
vinnitsa murovanye-kurilovtsy,"Муровані Курилівці, Вінницька область"
vinnitsa voynashovka,"Войнашівка, Вінницька область"
ivano-frankovsk stebnik,"Стебник, Івано-Франківська область"
ivano-frankovsk tishkovtsy,"Тишківці, Івано-Франківська область"
ivano-frankovsk himchin,"Химчин, Івано-Франківська область"
khmelnitskiy lozovoe_64433,"Лозове, Хмельницька область"
chernigov beliki_70433,"Білики, Чернігівська область"
chernigov serebryanoe_72405,"Срібне, Чернігівська область"
chernigov olishevka,"Олишівка, Чернігівська область"
chernigov baturin,"Батурин, Чернігівська область"
chernigov desna,"Десна, Чернігівська область"
chernigov volodkova-devitsa_71607,"Володькова Дівиця, Чернігівська область"
chernovtsy orshovtsy,"Оршівці, Чернівецька область"
cherkassy steblev,"Стеблів, Черкаська область"
cherkassy chernobay_68585,"Чорнобай, Черкаська область"
khmelnitskiy sahkamen,"Сахкамінь, Хмельницька область"
khmelnitskiy teofipol,"Теофіполь, Хмельницька область"
khmelnitskiy solomna,"Соломна, Хмельницька область"
khmelnitskiy loshkovtsy,"Лошківці, Хмельницька область"
odessa savran_44885,"Саврань, Одеська область"
odessa kodyma,"Кодима, Одеська область"
odessa sarata,"Сарата, Одеська область"
donetsk rovno_17649,"Рівне, Донецька область"
zaporozhe lyutserna,"Люцерна, Запорізька область"
zaporozhe novoaleksandrovka_25447,"Новоолександрівка, Запорізька область"
zaporozhe berdyansk,"Бердянськ, Запорізька область"
uzhgorod bolshaya-bakta,"Велика Бакта, Закарпатська область"
zhitomir yagodinka,"Ягодинка, Житомирська область"
zhitomir vertokievka,"Вертокиївка, Житомирська область"
zhitomir ryhalskoe,"Рихальське, Житомирська область"
zhitomir mihaylovka_19943,"Михайлівка, Житомирська область"
zhitomir novye-belokorovichi,"Нові Білокоровичі, Житомирська область"
zhitomir nekrashi,"Некраші, Житомирська область"
zhitomir vysokaya-pech,"Висока  Піч, Житомирська область"
zhitomir pershotravensk_20235,"Першотравенськ, Житомирська область"
donetsk yasinovataya,"Ясинувата, Донецька область"
dnepr novoivanovka_11241,"Новоіванівка, Дніпропетровська область"
odessa vizirka,"Визирка, Одеська область"
dnepr gubiniha,"Губиниха, Дніпропетровська область"
dnepr dneprovskoe,"Дніпровське, Дніпропетровська область"
dnepr yurevka,"Юр'ївка, Дніпропетровська область"
dnepr shahterskoe_14373,"Шахтарське, Дніпропетровська область"
lutsk turiysk,"Турійськ, Волинська область"
vinnitsa kirnasovka,"Кирнасівка, Вінницька область"
vinnitsa chernyatin_6291,"Чернятин, Вінницька область"
vinnitsa teplik,"Теплик, Вінницька область"
vinnitsa yaryshevka_8043,"Яришівка, Вінницька область"
vinnitsa vendichany,"Вендичани, Вінницька область"
vinnitsa oratov,"Оратів, Вінницька область"
ivano-frankovsk tovmachik,"Товмачик, Івано-Франківська область"
ivano-frankovsk ugly,"Кути, Івано-Франківська область"
zaporozhe kamennoe_25161,"Кам'яне, Запорізька область"
zaporozhe kamyshevaha_26553,"Комишуваха, Запорізька область"
kropivnitskiy sozonovka,"Созонівка, Кіровоградська область"
kropivnitskiy vladimirovka_28035,"Володимирівка, Кіровоградська область"
odessa zelenogorskoe_44173,"Зеленогірське, Одеська область"
odessa lyubashevka_44187,"Любашівка, Одеська область"
nikolaev_106 kalinovka_41485,"Калинівка, Миколаївська область"
nikolaev_106 gorohovka,"Горохівка, Миколаївська область"
nikolaev_106 pervomayskoe_41537,"Первомайське, Миколаївська область"
nikolaev_106 matveevka_41763,"Матвіївка, Миколаївська область"
nikolaev_106 yelanets,"Єланець, Миколаївська область"
nikolaev_106 vradievka,"Врадіївка, Миколаївська область"
lvov uzlovoe_38795,"Вузлове, Львівська область"
lvov belz,"Белз, Львівська область"
lvov gnezdychev,"Гніздичів, Львівська область"
lugansk belokurakino,"Білокуракине, Луганська область"
lugansk krasnodon-poselok,"Краснодон, Селище, Луганська область"
lugansk teplogorsk,"Ірміно, Луганська область"
lugansk molodogvardeysk,"Молодогвардійськ, Луганська область"
kiev pyatigory,"П'ятигори, Київська область"
kiev zgurovka,"Згурівка, Київська область"
kiev tolokun,"Толокунь, Київська область"
kiev ploskoe_31261,"Плоске, Київська область"
kiev voloshinovka,"Волошинівка, Київська область"
kiev gogolev,"Гоголів, Київська область"
kiev novaya-aleksandrovka_31717,"Нова Олександрівка, Київська область"
kiev ostroluche,"Гостролуччя, Київська область"
kiev stayki,"Стайки, Київська область"
kiev trilesy_32983,"Триліси, Київська область"
kropivnitskiy zavale_27617,"Завалля, Кіровоградська область"
kropivnitskiy onufrievka,"Онуфріївка, Кіровоградська область"
dnepr veselyy-kut_12309,"Веселий Кут, Дніпропетровська область"
donetsk kirovskoe_17165,"Кіровське, Донецька область"
zhitomir andrushevka,"Андрушівка, Житомирська область"
chernovtsy komarov_69111,"Комарів, Чернівецька область"
lvov ranevichi,"Раневичі, Львівська область"
lvov lavochnoe,"Лавочне, Львівська область"
lvov duliby_36973,"Дуліби, Львівська область"
lugansk rovenki,"Ровеньки, Луганська область"
zaporozhe vysokogornoe_25763,"Високогірне, Запорізька область"
uzhgorod soymy,"Сойми, Закарпатська область"
dnepr kirovskoe_11409,"Тихе, Дніпропетровська область"
dnepr cherkasskoe,"Черкаське, Дніпропетровська область"
lutsk lokachi,"Локачі, Волинська область"
lutsk poddubtsy,"Піддубці, Волинська область"
vinnitsa yakushintsy,"Якушинці, Вінницька область"
chernigov korosten_70997,"Коростень, Чернігівська область"
chernigov kienka,"Киїнка, Чернігівська область"
chernovtsy nepolokovtsy,"Неполоківці, Чернівецька область"
ternopol zborov,"Зборів, Тернопільська область"
cherkassy telepino,"Телепине, Черкаська область"
cherkassy petrovskoe_67275,"Петрівське, Черкаська область"
cherkassy bakaevka,"Бакаївка, Черкаська область"
kherson belozerka_62003,"Білозерка, Херсонська область"
kherson velikaya-aleksandrovka,"Велика Олександрівка, Херсонська область"
kharkov babai,"Бабаї, Харківська область"
kharkov liman_59737,"Лиман, Харківська область"
kharkov vatutino_60799,"Ватутіне, Харківська область"
kharkov donets,"Донець, Харківська область"
kharkov staryy-merchik,"Старий Мерчик, Харківська область"
kharkov staraya-pokrovka,"Стара Покровка, Харківська область"
kharkov feski,"Феськи, Харківська область"
kharkov kutuzovka_61539,"Кутузівка, Харківська область"
lvov krotoshin,"Кротошино, Львівська область"
lvov yasenovke,"Ясенівці, Львівська область"
lvov torganovichi,"Торгановичі, Львівська область"
lvov rudnoe,"Рудно, Львівська область"
lvov rudki,"Рудки, Львівська область"
lugansk bryanka,"Брянка, Луганська область"
lugansk stakhanov,"Кадіївка, Луганська область"
lugansk schaste,"Щастя, Луганська область"
kiev drozdy,"Дрозди, Київська область"
kiev morozovka_30817,"Морозівка, Київська область"
kiev kopylov,"Копилів, Київська область"
kiev borovaya,"Борова, Київська область"
kropivnitskiy priyutovka,"Приютівка, Кіровоградська область"
kropivnitskiy podgaytsy_28311,"Підгайці, Кіровоградська область"
zhitomir berezina_20735,"Березина, Житомирська область"
zhitomir vaskovichi,"Васьковичі, Житомирська область"
vinnitsa sosny,"Сосни, Вінницька область"
ivano-frankovsk cherniev,"Черніїв, Івано-Франківська область"
chernigov radgospnoe_71277,"Радгоспне, Чернігівська область"
chernigov novyy-belous,"Новий Білоус, Чернігівська область"
cherkassy zolotonoshka,"Золотоношка, Черкаська область"
khmelnitskiy satanov,"Сатанів, Хмельницька область"
kherson antonovka_63329,"Антонівка, Херсонська область"
kharkov gazovoe,"Газове, Харківська область"
kharkov kommunarka,"Комунарка, Харківська область"
rovno mirogoscha-vtoraya,"Мирогоща Друга, Рівненська область"
rovno rokitnoe_51599,"Рокитне, Рівненська область"
rovno lesnoe_50253,"Лісне, Рівненська область"
poltava semenovka_45559,"Семенівка, Полтавська область"
odessa kuyalnik,"Куяльник, Одеська область"
nikolaev_106 sebino,"Себине, Миколаївська область"
ternopol kopychintsy_55855,"Копичинці, Тернопільська область"
sumy nikolaevka_52057,"Миколаївка, Сумська область"
zhitomir ruzhin_23061,"Ружин, Житомирська область"
kiev puhovka,"Пухівка, Київська область"
lvov batyatichi,"Батятичі, Львівська область"
lvov lanovka,"Ланівка, Львівська область"
lugansk krasnyyluch,"Червоний Промінь, Луганська область"
lugansk antratsit,"Антрацит, Луганська область"
kiev zavorichi,"Заворичі, Київська область"
kiev krasnaya-sloboda_32115,"Червона Слобода, Київська область"
kiev novoe_31955,"Нове, Київська область"
kiev malaya-olshanka_30685,"Мала Вільшанка, Київська область"
kiev olhovets,"Вільховець, Київська область"
kiev krasnoe-pervoe,"Красне перше, Київська область"
kiev ozera_31155,"Озера, Київська область"
kiev pilipovichi_31163,"Пилиповичі, Київська область"
kiev ivankov,"Іваньків, Київська область"
kiev mirnoe_31041,"Мирне, Київська область"
sumy verhnee-peschanoe,"Верхнє Піщане, Сумська область"
kiev bogdanovka_31185,"Богданівка, Київська область"
kiev zelenyy-bor,"Зелений Бір, Київська область"
kropivnitskiy blagoveshchenskoe_29671,"Благовіщенське, Кіровоградська область"
kropivnitskiy plishki,"Плішки, Кіровоградська область"
kropivnitskiy pervozvanovka_28317,"Первозванівка, Кіровоградська область"
zaporozhe mihaylovka_25191,"Михайлівка, Запорізька область"
zaporozhe baburka,"Бабурка, Запорізька область"
uzhgorod chernotisov,"Чорнотисів, Закарпатська область"
uzhgorod rossosh,"Росош, Закарпатська область"
uzhgorod korolevo_23813,"Королево, Закарпатська область"
zhitomir luginy,"Лугини, Житомирська область"
zhitomir osykovo_20375,"Осиково, Житомирська область"
zhitomir gorodnitsa_21919,"Городниця, Житомирська область"
lvov zhuravno,"Журавно, Львівська область"
lvov schirets,"Щирець, Львівська область"
lvov pavlov,"Павлів, Львівська область"
lvov strelkovichi,"Стрілковичі, Львівська область"
sumy krasnoe_55007,"Старе Село, Сумська область"
rovno bugrin,"Бугрин, Рівненська область"
rovno klesov,"Клесів, Рівненська область"
rovno antopol_51187,"Антопіль, Рівненська область"
rovno klevan,"Клевань, Рівненська область"
rovno bazaltovoe,"Базальтове, Рівненська область"
poltava omelnik_47175,"Омельник, Полтавська область"
poltava dmitrovka_46917,"Дмитрівка, Полтавська область"
poltava pokrovskoe_49403,"Покровське, Полтавська область"
poltava chutovo_49329,"Чутове, Полтавська область"
poltava reshetilovka_48769,"Решетилівка, Полтавська область"
poltava potoki_47193,"Потоки, Полтавська область"
poltava mashevka,"Машівка, Полтавська область"
poltava lanna,"Ланна, Полтавська область"
odessa mirnoe_43099,"Мирне, Одеська область"
odessa starokazache,"Старокозаче, Одеська область"
odessa tarutino,"Тарутине, Одеська область"
odessa radostnoe_42595,"Радісне, Одеська область"
nikolaev_106 grushevka_42269,"Грушівка, Миколаївська область"
nikolaev_106 bolshaya-koreniha,"Велика Корениха, Миколаївська область"
nikolaev_106 krivoe-ozero,"Криве Озеро, Миколаївська область"
nikolaev_106 radsad,"Радсад, Миколаївська область"
nikolaev_106 luch_41509,"Промінь, Миколаївська область"
nikolaev_106 nadbugskoe,"Надбузьке, Миколаївська область"
lvov kievets,"Київець, Львівська область"
lvov otynevichi,"Отиневичі, Львівська область"
lvov magerov,"Магерів, Львівська область"
dnepr voronovo,"Воронове, Дніпропетровська область"
